Protein,Exact Location,Protein Location,Reference Base,Mutation Base,Reference Amino Acid,Mutation Amino Acid,Type,Percent of Mutation
5’UTR,241,241,C,T,R,C,NONSYNONYMOUS,88.08290155440415
nsp1,490,225,T,A,D,E,NONSYNONYMOUS,11.398963730569948
nsp1,745,480,C,T,N,N,SYNONYMOUS,5.699481865284974
nsp2,1059,254,C,T,T,I,NONSYNONYMOUS,52.331606217616574
nsp3,3037,318,C,T,F,F,SYNONYMOUS,88.08290155440415
nsp3,3177,458,C,T,P,L,NONSYNONYMOUS,11.398963730569948
nsp3,3722,1003,A,G,I,V,NONSYNONYMOUS,5.181347150259067
nsp3,4511,1792,G,A,V,I,NONSYNONYMOUS,14.507772020725387
nsp3,7153,4434,T,C,D,D,SYNONYMOUS,6.7357512953367875
nsp4,8782,228,C,T,S,S,SYNONYMOUS,9.844559585492227
3C-like proteinase,10376,322,C,T,P,S,NONSYNONYMOUS,23.316062176165804
nsp6,11417,445,G,T,V,F,NONSYNONYMOUS,5.181347150259067
nsp7,11916,74,C,T,S,L,NONSYNONYMOUS,18.65284974093264
RNA-dependent RNA polymerase,13806,365,T,C,M,T,NONSYNONYMOUS,22.797927461139896
RNA-dependent RNA polymerase,14875,1434,C,T,T,T,SYNONYMOUS,88.60103626943005
helicase,16816,580,C,T,H,Y,NONSYNONYMOUS,21.243523316062177
helicase,16840,604,A,C,I,L,NONSYNONYMOUS,6.7357512953367875
helicase,17306,1070,A,G,K,R,NONSYNONYMOUS,11.398963730569948
3'-to-5' exonuclease,18143,104,C,T,S,L,NONSYNONYMOUS,11.398963730569948
3'-to-5' exonuclease,18680,641,G,T,W,L,NONSYNONYMOUS,5.181347150259067
3'-to-5' exonuclease,19203,1164,T,C,D,D,SYNONYMOUS,10.362694300518134
3'-to-5' exonuclease,19465,1426,C,T,H,Y,NONSYNONYMOUS,17.616580310880828
2'-O-ribose methyltransferase,20735,77,A,G,STOP,W,NONSYNONYMOUS,5.181347150259067
GeneS,21577,15,C,T,H,H,SYNONYMOUS,21.243523316062177
GeneS,23870,2308,A,G,M,V,NONSYNONYMOUS,87.04663212435233
GeneS,24501,2939,C,T,T,I,NONSYNONYMOUS,10.880829015544041
ORF3a,26030,638,G,T,R,I,NONSYNONYMOUS,57.51295336787565
N/A,27196,0,T,C,N/A,N/A,NONENCODING,11.398963730569948
GeneN,28431,158,C,T,S,L,NONSYNONYMOUS,19.689119170984455
GeneN,28544,271,G,C,V,L,NONSYNONYMOUS,10.880829015544041
GeneN,28611,338,T,C,L,S,NONSYNONYMOUS,10.880829015544041
GeneN,29322,1049,C,T,A,V,NONSYNONYMOUS,17.098445595854923
GeneN,29330,1057,C,T,Q,STOP,NONSYNONYMOUS,6.7357512953367875
GeneN,29357,1084,G,A,G,R,NONSYNONYMOUS,21.761658031088082
GeneN,29358,1085,G,A,G,E,NONSYNONYMOUS,21.761658031088082
GeneN,29359,1086,G,C,G,G,SYNONYMOUS,21.761658031088082
N/A,30016,0,G,A,N/A,N/A,NONENCODING,17.098445595854923
N/A,30176,0,A,G,N/A,N/A,NONENCODING,9.32642487046632
